Country,City / region,v1 network,Status,Wave,Owner,Notes,Scoped,Stage,Waiting on
Australia,Canberra,light rail (R1 Gungahlin–Alinga Street),Done,0 Close open tabs,Luke,Tester-live. R1 only. Light rail; own city.,,7 Live,
Australia,Gold Coast,light rail (G:link L1 Helensvale–Burleigh Heads),Done,0 Close open tabs,Luke,"Tester-live. Own city, not Brisbane. G:link L1 only.",,7 Live,
Australia,Newcastle NSW,light rail (Newcastle Light Rail),Done,0 Close open tabs,Luke,"Tester-live. Own city, not Sydney. NLR only.",,7 Live,
Canada,Vancouver,"metro (SkyTrain Expo, Millennium, Canada Line)",Parked,0 Close open tabs,Luke,"Tester-live. TransLink attribution required. No SeaBus, bus, or West Coast Express in v1.",,Retired (release 1 scope cut),"Post-launch review: API-first expansion / aggregator viability (FB-65, FB-66)"
Netherlands,Rotterdam,"metro (RET A–E, hub Beurs)",Parked,0 Close open tabs,Jim,"Tester-live on master #112 (2026-08-29). RET metro A–E, hub Beurs. OVapi no key. NOT merged into Amsterdam.",,Retired (release 1 scope cut),"Post-launch review: API-first expansion / aggregator viability (FB-65, FB-66)"
New Zealand,Auckland,"commuter (TRAIN STH/EAST/WEST/ONE, Waitematā hub)",Parked,0 Close open tabs,Luke,Tester-live. CRL stations OUT until passenger-open.,,Retired (release 1 scope cut),"Post-launch review: API-first expansion / aggregator viability (FB-65, FB-66)"
New Zealand,Wellington,"commuter (KPL, HVL, MEL, JVL, WRL; hub Wellington Station)",Parked,0 Close open tabs,Luke,Planned on master #118 (D1 pack + adapter). Metlink KPL/HVL/MEL/JVL/WRL. assertCityLive fail.,,Retired (release 1 scope cut),"Post-launch review: API-first expansion / aggregator viability (FB-65, FB-66)"
Sweden,Göteborg,light rail + commuter (Västtrafik),Done,0 Close open tabs,Luke,Tester-live on master #129 (2026-08-29). Schedule-only boards until Trafiklab publishes vt TripUpdates. Trafiklab keys on Vercel.,,7 Live,
Sweden,Stockholm,metro + commuter (Tunnelbana + Pendeltåg),Done,0 Close open tabs,Luke,Tester-live (flipped by Tim, 30 Aug 2026). Hub T-Centralen ≠ Stockholm City ≠ Stockholms central. Trafiklab keys on Vercel.,7 Live,,
United Kingdom,West Midlands,national rail slice + light rail (75 rail + 35 Metro + Kidderminster),Done,0 Close open tabs,Zoe,"Packed, Coming Soon. RDM registration resolved (Tim, 5 Sep 2026) — DARWIN_LDB_TOKEN confirmed usable, no longer blocks National Rail flip. Metro layer live in production 6 Sep 2026 (FB-48 done, #311).",,7 Live,
Australia,Adelaide,commuter (metro rail lines),Done,1 Finish started countries,Luke,Tester-live. Adelaide metro rail lines.,,7 Live,
Australia,Brisbane,commuter (QR SEQ T1–T6),Done,1 Finish started countries,Luke,Tester-live. SEQ T1–T6. Do not split Sunshine Coast out of Brisbane SEQ.,,7 Live,
Australia,Melbourne,metro + commuter (Transport Victoria Open Data Portal),Adapter ready,1 Finish started countries,Tim,VIC_OPENDATA_API_KEY activated 22 Sep 2026 and adapter wired against the Open Data Portal's GTFS-RT static join (lib/providers/melbourne.js) - live-verified across all 16 currently-running Metro line groups (Racecourse is special-events-only) and all 13 V/Line route_ids at the shared stations; flip follow-through (dogfood module, dispatch wiring, gate) landed ahead of the flip per the guardrail. Status stays planned pending Mark/Tim's flip. See docs/melbourne-d1/jim-handoff.md.,,3 Adapter wired,Mark QA -> flip PR
Australia,Perth,commuter (Transperth heavy rail),Done,1 Finish started countries,Luke,Tester-live. Do not edit product. Transperth heavy rail only.,,7 Live,
Australia,Sydney,commuter + metro (T1–T9 + M1 Metro),Done,1 Finish started countries,Luke,Tester-live. Wollongong / Central Coast stay with NSW/Sydney unless noted.,,7 Live,
Canada,Toronto,metro + commuter (TTC subway + GO),Blocked,1 Finish started countries,Tim,Blocked; Vancouver-only until it unblocks.,,1 Researched,Luke D1 pack
Netherlands,Amsterdam,metro (GVB M50–M54),Parked,1 Finish started countries,Luke,"Tester-live. Metro only. No tram, bus, ferry, NS, Schiphol. OVapi no key.",,Retired (release 1 scope cut),"Post-launch review: API-first expansion / aggregator viability (FB-65, FB-66)"
Sweden,Malmö / Skåne,commuter + light rail (Skånetrafiken),Done,1 Finish started countries,Luke,Tester-live (flipped by Tim, 30 Aug 2026). Board eligibility: Öresundståg + Krösatågen in; Snälltåget out (reservation). Trafiklab keys on Vercel.,7 Live,,
Sweden,Uppsala,commuter (UL),Done,1 Finish started countries,Luke,Tester-live (flipped by Tim, 30 Aug 2026). Mälartåg only; SL Line 40/Knivsta cross-city gap noted,7 Live,,,
United Kingdom,East Midlands,light rail + national rail slice (NET + NR),Done,1 Finish started countries,Zoe,"Scoped by Nico 2026-08-30 (docs/east-midlands-d1/). NET tram schedule-only (no RT feed confirmed), hub Nottingham Station. Darwin blocked at account level, not feed level. Boundary stations flagged for Luke: Tamworth is a true shared platform with West Midlands (needs de-dup); Chesterfield/Alfreton/Leicester/Kettering/Wellingborough are through-running only, not merge points.",2026-08-30,7 Live,
United Kingdom,Edinburgh,light rail + national rail slice (Edinburgh Trams + NR),Done,1 Finish started countries,Zoe,"Live 6 Sep 2026 (#307). Scoped by Nico 2026-08-30 (docs/edinburgh-d1/). Trams have no static GTFS (hand-transcribe from PDFs, like Rotterdam); RT closed (TfE API shut down). Boundary: Waverley/Haymarket/Slateford see heavy Glasgow through-traffic; report recommends single merged time-sorted board, no region tags — CONFLICTS with Glasgow row's report (exclusive-territory split at Falkirk High). Luke must reconcile before D1.",2026-08-30,7 Live,
United Kingdom,Glasgow,metro + national rail slice (Subway + NR),Done,1 Finish started countries,Zoe,"Live 6 Sep 2026 (#306). Scoped by Nico 2026-08-30 (docs/glasgow-d1/). Subway-only v1, all 15 stations, schedule-only; no official SPT GTFS, sourced from a community feed (TravelWhiz) — license unclear, verify at D1. Hub Buchanan Street (walkway to Queen St mainline). Boundary: recommends exclusive territory split at Falkirk High for Glasgow-Edinburgh corridor — CONFLICTS with Edinburgh row's report (single merged board, no split). Luke must reconcile before D1.",2026-08-30,7 Live,
United Kingdom,Greater Anglia,national rail slice (Norwich / Cambridge / Ipswich),Done,1 Finish started countries,Zoe,Live 5 Sep 2026 (#223). Adapter wired + QA green 5 Sep 2026 (#221); flip PR #223 merged by Tim. 7 CRS codes fixed/filled (KLN/TTF/GYM/BIS/DIS/WMD/LWT); LNER at Peterborough resolved in; Norwich hub at Thetford/Ely. D1 pack docs/greater-anglia-d1/.,,7 Live,
United Kingdom,Greater Manchester,NR + Metrolink,Done,1 Finish started countries,Zoe,Live 6 Sep 2026 (#292). Packed 2026-08-28. City id uk-manchester. Coming Soon until Darwin.,,7 Live,
United Kingdom,Leftover England,national rail slice,Not doing,1 Finish started countries,Zoe,Catch-all after Solent / Thames Valley split. Darwin.,,1 Researched,Luke D1 pack
United Kingdom,Liverpool City Region,National Rail + Merseyrail (EP absorbed),Done,1 Finish started countries,Zoe,Packed 2026-08-28. City id uk-liverpool. 96 CRS. Coming Soon until Darwin. EP absorbed (not a separate picker city).,,7 Live,
United Kingdom,London & South East National Rail,national rail slice,Done,1 Finish started countries,Zoe,Live 6 Sep 2026 (#270). One Darwin contract for NR; TfL stays its own city. Darwin AU-org block on RDM.,,7 Live,
United Kingdom,London TfL,"metro + light rail + commuter (Underground, Overground, Elizabeth, DLR, London Trams)",Done,1 Finish started countries,Zoe,Tester-live. National Rail is NOT done. TfL stays its own city.,,7 Live,
United Kingdom,North East,metro + national rail slice (Tyne and Wear Metro + NR),Done,1 Finish started countries,Zoe,"Live 6 Sep 2026 (#303). National Rail only; Metro out-product (no RT feed), Nexus outreach drafted 5 Sep 2026",,7 Live,
United Kingdom,Rest of Scotland,national rail slice,Done,1 Finish started countries,Zoe,Live 6 Sep 2026 (#268). Darwin.,,7 Live,
United Kingdom,Rest of Wales,national rail slice,Done,1 Finish started countries,Zoe,Live 6 Sep 2026 (#266). Darwin.,,7 Live,
United Kingdom,Solent,national rail slice (Southampton / Portsmouth),Done,1 Finish started countries,Zoe,"Live 5 Sep 2026 (#220). Adapter wired + QA green 5 Sep 2026 (#216, #219); flip PR #220 merged by Tim. Fareham FAR->FRM. One hub: Portsmouth Harbour at Fareham. Leftover England split. Darwin.",,7 Live,
United Kingdom,South Wales,national rail slice (Cardiff),Done,1 Finish started countries,Zoe,Cardiff / Valleys NR. Darwin.,,7 Live,
United Kingdom,South Yorkshire,light rail + national rail slice (Supertram + NR),Done,1 Finish started countries,Zoe,Live 6 Sep 2026 (#301). Sheffield Supertram + NR. Darwin.,,7 Live,
United Kingdom,Thames Valley,national rail slice (Reading / Oxford),Done,1 Finish started countries,Zoe,Live 5 Sep 2026 (#222). Adapter wired + QA green 5 Sep 2026 (#218); flip PR #222 merged by Tim. Henley HEY->HOT. CrossCountry at Oxford discovered live. Leftover England split. Darwin.,,7 Live,
United Kingdom,West Yorkshire,national rail slice (Leeds / Bradford),Done,1 Finish started countries,Zoe,Live 5 Sep 2026 (#217). Adapter wired + QA green 5 Sep 2026 (#215); flip PR #217 merged by Tim. 4 CRS codes corrected against Darwin (DBD/WDN/HBD/KEI). Packing now. Leeds / Bradford NR. Darwin.,,7 Live,
United Kingdom,West of England,national rail slice (Bristol),Done,1 Finish started countries,Zoe,Bristol / Bath NR. Darwin.,,7 Live,
Belgium,Brussels,metro (STIB/MIVB M1–M6),To Do,2 Next new countries,Luke,"Oracle: stib-mivb.be official network / metro map. Feed: BMC Waiting Times API (api-management-opendata-production.azure-api.net/api/datasets/stibmivb/rt/WaitingTimes), header Ocp-Apim-Subscription-Key — operation path confirmed live 20 Sep 2026 (recovered from the developer portal's own public /mapi/apis content-listing endpoint), board is LIVE and wired. v1: Metro M1–M6 only (no tram, no premetro, no SNCB). Hub-lock: Arts-Loi / Kunst-Wet (M1/M2/M5/M6; doNotGroup Gare du Midi SNCB). Skip risk: premetro/tram bleed (mitigated by lineid allow-list filter). Flip follow-through landed 20 Sep 2026 (dogfood module, dispatch wiring, qa/brussels-dogfood-gate.mjs, LIVE STIB board); status stays planned. HOLD: SNCB is `in` per board-eligibility (walk-up, no reservation) with a confirmed free iRail liveboard source (no key, verified live), but not yet wired at Gare Centrale/Midi/Ouest — needs a second provider surface + doNotGroup-by-mode catalog split.",2026-08-28,3 Provider built,Mark QA — hold on SNCB board-eligibility gap before flip
Denmark,Copenhagen,metro + commuter (Metro + S-tog + DSB Regional/IC/ICL + Öresundståg),To Do,2 Next new countries,Luke,"Oracle: m.dk metro network map. Feed: Rejseplanen REST API 2.0 (key via labs.rejseplanen.dk; historic Rejseplanen docs exclude Metro RT from the API — web bypass only). SIRI-ET via Dataudveksleren NAP (signup). GTFS-RT: feed unverified. v1: Metro M1–M4 only (no S-tog, no bus, no harbour bus). Hub-lock: Kongens Nytorv (only station on all four metro lines; doNotGroup København H / Nørreport S-tog). Skip risk: metro next-train may still be unavailable via public API — confirm at D1. Flip follow-through landed 20 Sep 2026 (Jim): dogfood module + qa/copenhagen-dogfood-gate.mjs (replaces copenhagen-planned-gate.mjs) + live-city-api dispatch wired, status stays planned. Confirmed live against the real Rejseplanen GTFS.zip and fixed two adapter defects found in the process: Regionaltog/InterCity/InterCityLyn were being silently dropped (real feed carries their codes on route_short_name RE/IC/ICL, not route_long_name/route_desc as assumed) and M2's Lufthavnen terminus didn't match the live headsign Københavns Lufthavn St. (Metro). EuroCity/SJ/České dráhy/buses confirmed excluded live. Waiting on Mark's QA pass for the live flip.",2026-08-28,3 Provider built,Mark QA / flip follow-through
Finland,Helsinki,metro + commuter (HKL metro + commuter),To Do,2 Next new countries,Luke,"D1 pack on master docs/helsinki-d1/ (2026-08-29). Planned only. Metro M1/M2, hub Rautatientori.",2026-08-28,7 Live,
Ireland,Dublin,light rail + commuter (Luas + DART),To Do,2 Next new countries,Luke,"Oracle: luas.ie/map (Red + Green). Feed: NTA GTFS-R v2 (key from developer.nationaltransport.ie) https://api.nationaltransport.ie/gtfsr/v2/TripUpdates + /Vehicles (x-api-key; 404 without key). Static GTFS: transportforireland.ie transitData. v1: Luas Red + Green only (no DART, no Dublin Bus). Hub-lock: no shared Red/Green stop; candidate Connolly (Red, DART later) or Abbey Street (Red, walk to Green O’Connell). Skip risk: none if NTA key issued; DART is later.",2026-08-28,2 Packed,Jim adapter
Norway,Oslo,metro + light rail (T-bane + trikk),To Do,2 Next new countries,Luke,"D1 pack on master docs/oslo-d1/ (2026-08-29). Planned only. T-bane 1–5, hub Stortinget, Fornebu out.",2026-08-28,7 Live,
United States,BART,metro (BART),To Do,2 Next new countries,Luke,"D1 pack on master docs/bart-d1/ (2026-08-29). Planned only. city=bart, hub Embarcadero. v1 BART only. Adapter wired 2026-09-20 (lib/providers/bart.js, BART Legacy API ETD, live-boards-only, no BART_API_KEY available this session).",2026-08-28,3 Provider built,BART key (Tim) → live verification → Mark QA
United States,Boston,metro (MBTA subway),To Do,2 Next new countries,Luke,"subway/trolley rapid transit PLUS live MBTA Commuter Rail at South Station/North Station/Forest Hills/Braintree/JFK-UMass (board eligibility fix, 20 Sep 2026); CapeFlyer in but unserved by feed, Amtrak out-reservation, Silver Line/ferry out-mode.",2026-08-28,5 Wired,Mark QA
United States,Chicago,metro (CTA 'L'),To Do,2 Next new countries,Luke,"D1 pack on master docs/chicago-d1/ (2026-08-29). Planned only. CTA L, hub Clark/Lake. Adapter wired on CTA Train Tracker Arrivals API (2026-09-20); no key yet.",2026-08-28,3 Provider built,CTA key (Tim) → live verification → Mark QA
United States,Los Angeles,metro + light rail (Metro Rail),To Do,2 Next new countries,Luke,"six rail lines, Swiftly/GTFS-RT key friction, ~6.6M rail rides June 2026.",2026-08-28,2 Packed,Jim adapter
United States,"Washington, D.C.",metro (WMATA),To Do,2 Next new countries,Luke,"D1 pack on master docs/washington-d1/ (2026-08-29). Planned only. WMATA Metro, hub Metro Center. Adapter wired on WMATA Station Prediction API (2026-09-20); live-verified against real jStations/GetPrediction responses same day (98/98 stations matched, 8 coordinate corrections, 2 new live-name aliases, abbreviated-destination fix for Shady Grv/New Crlton/NewCrlton). MARC/VRE resolved out-product (Tim, 20 Sep 2026), no longer holding the flip.",2026-08-28,4 Verified,Mark QA / flip
Austria,Vienna,metro + commuter (U-Bahn + S-Bahn),To Do,3 Later Europe,Luke,"Oracle: wienerlinien.at/netzplaene (U-Bahn). Feed: Wiener Linien OGD Monitor JSON https://www.wienerlinien.at/ogd_realtime/monitor (live 200 2026-08-28); no key (docs: ignore/delete SENDER=). CC-BY. v1: U-Bahn U1–U6 only (no tram, bus, S-Bahn, Badner Bahn). Hub-lock: Karlsplatz (U1/U2/U4) or Stephansplatz (U1/U3). Skip risk: none.",2026-08-28,"2 Packed (adapter built, PR #289 closed 6 Sep, branch vienna-adapter on origin)",Reopen #289 when Austria is next (FB-59)
Czechia,Prague,metro + commuter (Metro A–C + Esko),To Do,3 Later Europe,Luke,"Oracle: pid.cz transport schemes / metro map. Feed: PID GTFS static https://data.pid.cz/PID_GTFS.zip (live 200 2026-08-28) + Golemio RT api.golemio.cz (X-Access-Token key; 401 without — vehiclepositions + PID departure boards). v1: Metro A/B/C/D only (no tram, bus, funicular, Esko). Hub-lock: Muzeum (A/C) or Můstek (A/B). Skip risk: none if Golemio key.",2026-08-28,2 Packed,Jim adapter
Germany,Berlin,metro (U-Bahn),To Do,3 Later Europe,Luke,"D1 pack on master docs/berlin-d1/ (2026-08-29). Planned only. U-Bahn only, hub Alexanderplatz. No S-Bahn.",2026-08-28,2 Packed,Jim adapter
Germany,Hamburg,metro (U-Bahn),To Do,3 Later Europe,Luke,"D1 pack on master docs/hamburg-d1/ (2026-08-29). Planned only. U-Bahn, hub Jungfernstieg, U5 out.",2026-08-28,2 Packed,Jim adapter
Germany,Munich,metro (U-Bahn),To Do,3 Later Europe,Luke,"D1 pack on master docs/munich-d1/ (2026-08-29). Planned only. U-Bahn, hub Marienplatz. No S-Bahn.",2026-08-28,2 Packed,Jim adapter
Japan,Fukuoka,metro,To Do,3 Later Europe,Luke,Inherited 24 Aug skip reversed 2026-08-28. Wave 3 after Osaka Metro. v1 metro.,2026-08-28,2 Packed,Jim adapter
Japan,Nagoya,metro,To Do,3 Later Europe,Luke,Inherited 24 Aug skip reversed 2026-08-28. Wave 3 after Osaka Metro. v1 metro.,2026-08-28,2 Packed,Jim adapter
Japan,Osaka,metro (Osaka Metro),To Do,3 Later Europe,Luke,Inherited 24 Aug skip reversed 2026-08-28. Wave 3. Osaka Metro first (not Tokyo). v1 Osaka Metro.,2026-08-28,2 Packed,Jim adapter
Japan,Sapporo,metro,To Do,3 Later Europe,Luke,Inherited 24 Aug skip reversed 2026-08-28. Wave 3 after Osaka Metro. v1 metro.,2026-08-28,2 Packed,Jim adapter
Japan,Tokyo,metro (Tokyo Metro + Toei + others),To Do,3 Later Europe,Luke,Inherited 24 Aug skip reversed 2026-08-28. Wave 3 later (multi-operator: Tokyo Metro + Toei + others). After Osaka / Fukuoka / Nagoya / Sapporo. Not first JP city.,2026-08-28,1 Researched,Luke D1 pack
Portugal,Lisbon,metro + commuter (Metro + CP urban),To Do,3 Later Europe,Luke,"Oracle: metrolisboa.pt diagrams-and-maps. Feed: static GTFS https://www.metrolisboa.pt/google_transit/googleTransit.zip (live 200 2026-08-28). EstadoServicoML at api.metrolisboa.pt (OAuth key) is line-status, not next-train. GTFS-RT: feed unverified. TML GO Hub is Carris Metropolitana buses — do not use as metro feed. v1: Metro Azul/Amarela/Verde/Vermelha only (no CP urban, no tram). Hub-lock: Marquês de Pombal (Azul/Amarela) or Alameda (Verde/Vermelha). Skip risk: no public next-train; status API only.",2026-08-28,2 Packed,Jim adapter
Switzerland,Basel,commuter (S-Bahn) + tram,To Do,3 Later Europe,Luke,Wave 3 Switzerland.,,1 Researched,Luke D1 pack
Switzerland,Bern,commuter (S-Bahn) + tram,To Do,3 Later Europe,Luke,Wave 3 Switzerland.,,1 Researched,Luke D1 pack
Switzerland,Geneva,commuter (Léman Express) + tram,To Do,3 Later Europe,Luke,Wave 3 Switzerland.,,2 Packed,Jim adapter
Switzerland,Lausanne,metro (M2) + light rail,To Do,3 Later Europe,Luke,Wave 3 Switzerland. Lausanne Métro.,,2 Packed,Jim adapter
Switzerland,Zürich,commuter + light rail (S-Bahn + tram),To Do,3 Later Europe,Luke,"Oracle: zvv.ch network maps. Feed: opentransportdata.swiss GTFS-RT https://api.opentransportdata.swiss/la/gtfs-rt (Bearer API key; 401 without). v1: VBZ tram only (no metro exists; no S-Bahn, no buses, no boats). Hub-lock: Zürich HB tram (doNotGroup SBB Zürich HB) or Bellevue. Skip risk: no metro; S-Bahn complexity if v1 not cut to tram.",2026-08-28,2 Packed,Jim adapter
United States,Charlotte,light rail (Lynx),To Do,3 Later Europe,Luke,Wave 3. Other US light rail. After DC / Chicago / BART / Boston / LA / NYC subway. Inherited 24 Aug skip reversed 2026-08-28.,2026-08-28,1 Researched,Luke D1 pack
United States,Dallas,light rail (DART),To Do,3 Later Europe,Luke,Wave 3. DART. After DC / Chicago / BART / Boston / LA / NYC subway.,2026-08-28,1 Researched,Luke D1 pack
United States,Denver,light rail (RTD rail),To Do,3 Later Europe,Luke,Wave 3. RTD rail. After DC / Chicago / BART / Boston / LA / NYC subway.,2026-08-28,1 Researched,Luke D1 pack
United States,Houston,light rail (METRORail),To Do,3 Later Europe,Luke,Wave 3. Other US light rail. After DC / Chicago / BART / Boston / LA / NYC subway. Inherited 24 Aug skip reversed 2026-08-28.,2026-08-28,2 Packed,Jim adapter
United States,Minneapolis–Saint Paul,light rail (METRO),To Do,3 Later Europe,Luke,Wave 3. Other US light rail. After DC / Chicago / BART / Boston / LA / NYC subway. Inherited 24 Aug skip reversed 2026-08-28.,2026-08-28,1 Researched,Luke D1 pack
United States,New York City,metro (NYC Subway),To Do,3 Later Europe,Luke,"prize, MTA GTFS-RT no key (api.mta.info), 472 stations, many feeds, do after DC/Chicago/BART. Not city one. v1 NYC Subway only; PATH / LIRR / MNR Later. Inherited 24 Aug skip reversed 2026-08-28.",2026-08-28,1 Researched,Luke D1 pack
United States,Phoenix,light rail (Valley Metro),To Do,3 Later Europe,Luke,Wave 3. Other US light rail. After DC / Chicago / BART / Boston / LA / NYC subway. Inherited 24 Aug skip reversed 2026-08-28.,2026-08-28,1 Researched,Luke D1 pack
United States,Pittsburgh,light rail (The T),To Do,3 Later Europe,Luke,Wave 3. Other US light rail. After DC / Chicago / BART / Boston / LA / NYC subway. Inherited 24 Aug skip reversed 2026-08-28.,2026-08-28,1 Researched,Luke D1 pack
United States,Portland,light rail (MAX),To Do,3 Later Europe,Luke,Wave 3. MAX. After DC / Chicago / BART / Boston / LA / NYC subway.,2026-08-28,1 Researched,Luke D1 pack
United States,Sacramento,light rail,To Do,3 Later Europe,Luke,Wave 3. Other US light rail. After DC / Chicago / BART / Boston / LA / NYC subway. Inherited 24 Aug skip reversed 2026-08-28.,2026-08-28,1 Researched,Luke D1 pack
United States,Salt Lake City,light rail (TRAX),To Do,3 Later Europe,Luke,Wave 3. Other US light rail. After DC / Chicago / BART / Boston / LA / NYC subway. Inherited 24 Aug skip reversed 2026-08-28.,2026-08-28,1 Researched,Luke D1 pack
United States,San Diego,light rail (Trolley),To Do,3 Later Europe,Luke,Wave 3. Trolley. After DC / Chicago / BART / Boston / LA / NYC subway.,2026-08-28,1 Researched,Luke D1 pack
United States,Seattle,light rail (Link),To Do,3 Later Europe,Luke,Wave 3. Link. After DC / Chicago / BART / Boston / LA / NYC subway.,2026-08-28,1 Researched,Luke D1 pack
United States,St. Louis,light rail (MetroLink),To Do,3 Later Europe,Luke,Wave 3. Other US light rail. After DC / Chicago / BART / Boston / LA / NYC subway. Inherited 24 Aug skip reversed 2026-08-28.,2026-08-28,1 Researched,Luke D1 pack
Algeria,Algiers,metro + light rail,To Do,Later,,unscoped metro/urban rail,,,
Argentina,Buenos Aires,metro (Subte) + commuter,To Do,Later,,Oracle: buenosaires.gob.ar/subte map. Feed: BA DATA API Transporte Público / Subte GTFS officially suspended for revision (portal notice still up as of 2026-06/07). Live next-train: feed unverified while suspended. v1: Subte only (no Roca/Sarmiento/Mitre commuter). Hub-lock: Carlos Pellegrini / 9 de Julio or Constitución. Skip risk: public feed suspended — park until BA DATA restores.,2026-08-28,,
Armenia,Yerevan,metro,To Do,Later,,unscoped metro/urban rail,,,
Austria,Graz,light rail (tram) + S-Bahn,To Do,Later,,unscoped metro/urban rail,,1 Researched,Luke D1 pack
Austria,Linz,light rail (tram) + S-Bahn,To Do,Later,,unscoped metro/urban rail,,1 Researched,Luke D1 pack
Azerbaijan,Baku,metro,To Do,Later,,unscoped metro/urban rail,,,
Bangladesh,Dhaka,metro,To Do,Later,,unscoped metro/urban rail,,,
Belgium,Antwerp,light rail (premetro + tram),To Do,Later,,unscoped metro/urban rail,,1 Researched,Luke D1 pack
Belgium,Charleroi,light rail (Métro Léger),To Do,Later,,unscoped metro/urban rail,,1 Researched,Luke D1 pack
Bosnia and Herzegovina,Sarajevo,light rail (tram),To Do,Later,,unscoped metro/urban rail,,,
Brazil,Belo Horizonte,metro,To Do,Later,,unscoped metro/urban rail,,,
Brazil,Brasília,metro,To Do,Later,,unscoped metro/urban rail,,,
Brazil,Fortaleza,metro,To Do,Later,,unscoped metro/urban rail,,,
Brazil,Porto Alegre,metro (Trensurb),To Do,Later,,unscoped metro/urban rail,,,
Brazil,Recife,metro,To Do,Later,,unscoped metro/urban rail,,,
Brazil,Rio de Janeiro,metro,To Do,Later,,unscoped metro/urban rail,,,
Brazil,Salvador,metro,To Do,Later,,unscoped metro/urban rail,,,
Brazil,São Paulo,metro + commuter (Metrô + CPTM),To Do,Later,,"Oracle: metro.sp.gov.br network map. Feed: SPTrans Olho Vivo is buses (key). Metrô SP / CPTM next-train: feed unverified. v1: Metrô SP Lines 1–5 + 15 only (no CPTM, no ViaMobilidade extras unless on Metro map). Hub-lock: Sé (L1/L3) or Paraíso (L1/L2). Skip risk: no public metro RT.",2026-08-28,,
Bulgaria,Sofia,metro,To Do,Later,,unscoped metro/urban rail,,,
Canada,Calgary,light rail (CTrain),To Do,Later,,unscoped metro/urban rail,,1 Researched,Luke D1 pack
Canada,Edmonton,light rail (LRT),To Do,Later,,unscoped metro/urban rail,,1 Researched,Luke D1 pack
Canada,Montreal,metro + commuter (STM Metro + REM + EXO),To Do,Later,,unscoped metro/urban rail,,1 Researched,Luke D1 pack
Canada,Ottawa,light rail (O-Train),To Do,Later,,unscoped metro/urban rail,,1 Researched,Luke D1 pack
Chile,Santiago,metro,To Do,Later,,"Oracle: metro.cl guia-viajero/planos. Feed: DTPM web services are buses (email credentials + IP allowlist). Metro de Santiago next-train: feed unverified. v1: Metro de Santiago only (no Metrotren, no buses). Hub-lock: Baquedano or Los Héroes. Skip risk: no public metro RT.",2026-08-28,,
China,Beijing,metro,To Do,Later,,unscoped metro/urban rail,,,
China,Changchun,metro,To Do,Later,,unscoped metro/urban rail,,,
China,Changsha,metro,To Do,Later,,unscoped metro/urban rail,,,
China,Changzhou,metro,To Do,Later,,unscoped metro/urban rail,,,
China,Chengdu,metro,To Do,Later,,unscoped metro/urban rail,,,
China,Chongqing,metro,To Do,Later,,unscoped metro/urban rail,,,
China,Dalian,metro,To Do,Later,,unscoped metro/urban rail,,,
China,Dongguan,metro,To Do,Later,,unscoped metro/urban rail,,,
China,Foshan,metro,To Do,Later,,unscoped metro/urban rail,,,
China,Fuzhou,metro,To Do,Later,,unscoped metro/urban rail,,,
China,Guangzhou,metro,To Do,Later,,unscoped metro/urban rail,,,
China,Guiyang,metro,To Do,Later,,unscoped metro/urban rail,,,
China,Hangzhou,metro,To Do,Later,,unscoped metro/urban rail,,,
China,Harbin,metro,To Do,Later,,unscoped metro/urban rail,,,
China,Hefei,metro,To Do,Later,,unscoped metro/urban rail,,,
China,Hohhot,metro,To Do,Later,,unscoped metro/urban rail,,,
China,Jinan,metro,To Do,Later,,unscoped metro/urban rail,,,
China,Jinhua,metro,To Do,Later,,unscoped metro/urban rail,,,
China,Kunming,metro,To Do,Later,,unscoped metro/urban rail,,,
China,Lanzhou,metro,To Do,Later,,unscoped metro/urban rail,,,
China,Luoyang,metro,To Do,Later,,unscoped metro/urban rail,,,
China,Nanchang,metro,To Do,Later,,unscoped metro/urban rail,,,
China,Nanjing,metro,To Do,Later,,unscoped metro/urban rail,,,
China,Nanning,metro,To Do,Later,,unscoped metro/urban rail,,,
China,Nantong,metro,To Do,Later,,unscoped metro/urban rail,,,
China,Ningbo,metro,To Do,Later,,unscoped metro/urban rail,,,
China,Qingdao,metro,To Do,Later,,unscoped metro/urban rail,,,
China,Shanghai,metro,To Do,Later,,unscoped metro/urban rail,,,
China,Shaoxing,metro,To Do,Later,,unscoped metro/urban rail,,,
China,Shenyang,metro,To Do,Later,,unscoped metro/urban rail,,,
China,Shenzhen,metro,To Do,Later,,unscoped metro/urban rail,,,
China,Shijiazhuang,metro,To Do,Later,,unscoped metro/urban rail,,,
China,Suzhou,metro,To Do,Later,,unscoped metro/urban rail,,,
China,Taiyuan,metro,To Do,Later,,unscoped metro/urban rail,,,
China,Taizhou,metro,To Do,Later,,unscoped metro/urban rail,,,
China,Tianjin,metro,To Do,Later,,unscoped metro/urban rail,,,
China,Wenzhou,metro,To Do,Later,,unscoped metro/urban rail,,,
China,Wuhan,metro,To Do,Later,,unscoped metro/urban rail,,,
China,Wuhu,metro,To Do,Later,,unscoped metro/urban rail,,,
China,Wuxi,metro,To Do,Later,,unscoped metro/urban rail,,,
China,Xi'an,metro,To Do,Later,,unscoped metro/urban rail,,,
China,Xiamen,metro,To Do,Later,,unscoped metro/urban rail,,,
China,Xuzhou,metro,To Do,Later,,unscoped metro/urban rail,,,
China,Zhengzhou,metro,To Do,Later,,unscoped metro/urban rail,,,
China,Ürümqi,metro,To Do,Later,,unscoped metro/urban rail,,,
Colombia,Medellín,metro,To Do,Later,,unscoped metro/urban rail,,,
Croatia,Zagreb,light rail (tram),To Do,Later,,unscoped metro/urban rail,,,
Czechia,Brno,light rail (tram),To Do,Later,,unscoped metro/urban rail,,1 Researched,Luke D1 pack
Denmark,Aarhus,light rail / tram-train (Letbane),To Do,Later,,unscoped metro/urban rail,,1 Researched,Luke D1 pack
Dominican Republic,Santo Domingo,metro,To Do,Later,,unscoped metro/urban rail,,,
Ecuador,Quito,metro,To Do,Later,,unscoped metro/urban rail,,,
Egypt,Cairo,metro,To Do,Later,,"Oracle: NAT / Cairo Metro official line map. Feed: public next-train GTFS-RT/API unverified. v1: Cairo Metro Lines 1–3 only (no Nile taxis, no LRT). Hub-lock: Sadat or Al-Shohadaa. Skip risk: no public next-train found.",2026-08-28,,
Estonia,Tallinn,light rail (tram),To Do,Later,,unscoped metro/urban rail,,,
Ethiopia,Addis Ababa,light rail,To Do,Later,,unscoped metro/urban rail,,,
Finland,Tampere,light rail (tampere tram),To Do,Later,,unscoped metro/urban rail,,1 Researched,Luke D1 pack
France,Bordeaux,light rail (tram),To Do,Later,,unscoped metro/urban rail,,,
France,Grenoble,light rail (tram),To Do,Later,,unscoped metro/urban rail,,,
France,Lille,metro (VAL) + light rail,To Do,Later,,unscoped metro/urban rail,,,
France,Lyon,metro + light rail (Métro + tram),To Do,Later,,unscoped metro/urban rail,,,
France,Marseille,metro + light rail,To Do,Later,,unscoped metro/urban rail,,,
France,Montpellier,light rail (tram),To Do,Later,,unscoped metro/urban rail,,,
France,Nantes,light rail (tram),To Do,Later,,unscoped metro/urban rail,,,
France,Nice,light rail (tram),To Do,Later,,unscoped metro/urban rail,,,
France,Paris,metro + commuter (Métro + RER + Transilien),To Do,Later,,"Oracle: ratp.fr/plans (métro). Feed: PRIM Île-de-France Mobilités SIRI Lite next-departures (prim.iledefrance-mobilites.fr; account + API token). Official GTFS-RT: feed unverified (community IDFM→GTFS-RT bridges exist — do not treat as official). v1: Métro lines only (no RER, Transilien, tram, bus). Hub-lock: Châtelet métro (doNotGroup Châtelet–Les Halles RER). Skip risk: huge network; RT perimeter still partial per PRIM; RER bleed.",2026-08-28,,
France,Rennes,metro (VAL),To Do,Later,,unscoped metro/urban rail,,,
France,Rouen,light rail (tram-train / Métro),To Do,Later,,unscoped metro/urban rail,,,
France,Strasbourg,light rail (tram),To Do,Later,,unscoped metro/urban rail,,,
France,Toulouse,metro (VAL) + light rail,To Do,Later,,unscoped metro/urban rail,,,
Georgia,Tbilisi,metro,To Do,Later,,unscoped metro/urban rail,,,
Germany,Cologne,commuter + light rail (S-Bahn + Stadtbahn),To Do,Later,Luke,"Inherited 24 Aug skip reversed 2026-08-28. Other DE cities To Do Later. City-by-city, not DB national.",,1 Researched,Luke D1 pack
Germany,Dresden,commuter (S-Bahn),To Do,Later,Luke,"Inherited 24 Aug skip reversed 2026-08-28. Other DE cities To Do Later. City-by-city, not DB national.",,1 Researched,Luke D1 pack
Germany,Düsseldorf,commuter + light rail (S-Bahn + Stadtbahn),To Do,Later,Luke,"Inherited 24 Aug skip reversed 2026-08-28. Other DE cities To Do Later. City-by-city, not DB national.",,1 Researched,Luke D1 pack
Germany,Frankfurt Rhine-Main,commuter + light rail (S-Bahn + U-Bahn Stadtbahn),To Do,Later,Luke,"Inherited 24 Aug skip reversed 2026-08-28. Other DE cities To Do Later. City-by-city, not DB national.",,1 Researched,Luke D1 pack
Germany,Hanover,commuter + light rail (S-Bahn + Stadtbahn),To Do,Later,Luke,"Inherited 24 Aug skip reversed 2026-08-28. Other DE cities To Do Later. City-by-city, not DB national.",,1 Researched,Luke D1 pack
Germany,Leipzig / Halle,commuter (S-Bahn Mitteldeutschland),To Do,Later,Luke,"Inherited 24 Aug skip reversed 2026-08-28. Other DE cities To Do Later. City-by-city, not DB national.",,1 Researched,Luke D1 pack
Germany,Nuremberg,metro + commuter (U-Bahn + S-Bahn),To Do,Later,Luke,"Inherited 24 Aug skip reversed 2026-08-28. Other DE cities To Do Later. City-by-city, not DB national.",,1 Researched,Luke D1 pack
Germany,Rhine-Neckar (Mannheim / Heidelberg),commuter + light rail (S-Bahn + RNV),To Do,Later,Luke,"Inherited 24 Aug skip reversed 2026-08-28. Other DE cities To Do Later. City-by-city, not DB national.",,1 Researched,Luke D1 pack
Germany,Rhine-Ruhr (Essen / Dortmund),commuter + light rail (S-Bahn + Stadtbahn),To Do,Later,Luke,"Inherited 24 Aug skip reversed 2026-08-28. Other DE cities To Do Later. City-by-city, not DB national.",,1 Researched,Luke D1 pack
Germany,Stuttgart,commuter + light rail (S-Bahn + Stadtbahn),To Do,Later,Luke,"Inherited 24 Aug skip reversed 2026-08-28. Other DE cities To Do Later. City-by-city, not DB national.",,1 Researched,Luke D1 pack
Greece,Athens,metro + commuter (Metro + Proastiakos),To Do,Later,,"Oracle: stasy.gr metro/ISAP map. Feed: data.gov.gr STASY GTFS static (metro + tram). OASA telematics is buses. Metro next-train: feed unverified. v1: Metro M1–M3 only (no tram, no Proastiakos). Hub-lock: Syntagma (M2/M3) or Monastiraki (M1/M3). Skip risk: no public metro RT.",2026-08-28,,
Greece,Thessaloniki,metro,To Do,Later,,unscoped metro/urban rail,,,
Hong Kong,Hong Kong,metro + light rail (MTR + Light Rail),To Do,Later,,"Oracle: mtr.com.hk system map. Feed: MTR Next Train REST (no key) https://rt.data.gov.hk/v1/transport/mtr/getSchedule.php?line=&sta= (live 200 2026-08-28; spec opendata.mtr.com.hk Next_Train_API_Spec). v1: MTR urban heavy-rail lines in the spec only (no Light Rail, no Airport Express, no Disneyland Resort). Hub-lock: Admiralty (doNotGroup Central). Skip risk: none.",2026-08-28,2 Packed,Jim adapter
Hungary,Budapest,metro + commuter (M1–M4 + HÉV),To Do,Later,,"Oracle: bkk.hu maps (metro). Feed: BKK FUTÁR GTFS-RT (key from opendata.bkk.hu) https://go.bkk.hu/api/query/v1/ws/gtfs-rt/full/TripUpdates.pb (+ VehiclePositions.pb, Alerts.pb); 401 without key (verified 2026-08-28). v1: Metro M1–M4 only (no HÉV, no tram, no bus). Hub-lock: Deák Ferenc tér (M1/M2/M3). Skip risk: none if BKK key.",2026-08-28,,
India,Agra,metro,To Do,Later,,unscoped metro/urban rail,,,
India,Ahmedabad,metro,To Do,Later,,unscoped metro/urban rail,,,
India,Bengaluru,metro (Namma Metro),To Do,Later,,unscoped metro/urban rail,,,
India,Bhopal,metro,To Do,Later,,unscoped metro/urban rail,,,
India,Chennai,metro,To Do,Later,,unscoped metro/urban rail,,,
India,Delhi,metro (Delhi Metro + Noida/Gurgaon connectors),To Do,Later,,unscoped metro/urban rail,,,
India,Gurgaon,metro (Rapid Metro),To Do,Later,,unscoped metro/urban rail,,,
India,Hyderabad,metro,To Do,Later,,unscoped metro/urban rail,,,
India,Indore,metro,To Do,Later,,unscoped metro/urban rail,,,
India,Jaipur,metro,To Do,Later,,unscoped metro/urban rail,,,
India,Kanpur,metro,To Do,Later,,unscoped metro/urban rail,,,
India,Kochi,metro,To Do,Later,,unscoped metro/urban rail,,,
India,Kolkata,metro,To Do,Later,,unscoped metro/urban rail,,,
India,Lucknow,metro,To Do,Later,,unscoped metro/urban rail,,,
India,Meerut,metro,To Do,Later,,unscoped metro/urban rail,,,
India,Mumbai,metro,To Do,Later,,unscoped metro/urban rail,,,
India,Nagpur,metro,To Do,Later,,unscoped metro/urban rail,,,
India,Navi Mumbai,metro,To Do,Later,,unscoped metro/urban rail,,,
India,Noida,metro (Aqua Line),To Do,Later,,unscoped metro/urban rail,,,
India,Patna,metro,To Do,Later,,unscoped metro/urban rail,,,
India,Pune,metro,To Do,Later,,unscoped metro/urban rail,,,
Indonesia,Jakarta,metro + light rail (MRT + LRT + Jabodebek),To Do,Later,,unscoped metro/urban rail,,,
Indonesia,Palembang,light rail (LRT),To Do,Later,,unscoped metro/urban rail,,,
Iran,Isfahan,metro,To Do,Later,,unscoped metro/urban rail,,,
Iran,Karaj,metro,To Do,Later,,unscoped metro/urban rail,,,
Iran,Mashhad,metro,To Do,Later,,unscoped metro/urban rail,,,
Iran,Shiraz,metro,To Do,Later,,unscoped metro/urban rail,,,
Iran,Tabriz,metro,To Do,Later,,unscoped metro/urban rail,,,
Iran,Tehran,metro,To Do,Later,,unscoped metro/urban rail,,,
Israel,Jerusalem,light rail,To Do,Later,,unscoped metro/urban rail,,,
Israel,Tel Aviv,light rail (Red Line),To Do,Later,,unscoped metro/urban rail,,,
Italy,Brescia,metro,To Do,Later,,unscoped metro/urban rail,,,
Italy,Catania,metro,To Do,Later,,unscoped metro/urban rail,,,
Italy,Florence,light rail (tramway),To Do,Later,,unscoped metro/urban rail,,,
Italy,Genoa,metro,To Do,Later,,unscoped metro/urban rail,,,
Italy,Milan,metro + commuter (Metro + suburban),To Do,Later,,"Oracle: atm.it schema rete metropolitana. Feed: AMAT static GTFS https://dati.comune.milano.it/gtfs.zip (live 200 2026-08-28, scheduled). Public GTFS-RT URL: feed unverified (not published on Comune/ATM open data). v1: Metro M1–M5 only (no tram, no suburban/Passante). Hub-lock: Duomo (M1/M3) or Cadorna (M1/M2). Skip risk: no public next-train.",2026-08-28,,
Italy,Naples,metro,To Do,Later,,unscoped metro/urban rail,,,
Italy,Rome,metro (A/B/C),To Do,Later,,"Oracle: atac.roma.it / Roma Mobilità metro map. Feed: Roma Mobilità GTFS-RT trip-updates https://romamobilita.it/wp-content/uploads/shared/rome_rtgtfs_trip_updates_feed.pb (live 200 2026-08-28, no key; also vehicle_positions + service_alerts). Feed mixes ATAC / Roma TPL / Trenitalia — metro coverage to confirm at D1. v1: Metro A/B/B1/C only (no tram, no FL). Hub-lock: Termini (A/B; doNotGroup Termini FS). Skip risk: RT may be bus-heavy; metro presence unconfirmed in protobuf.",2026-08-28,,
Italy,Turin,metro,To Do,Later,,unscoped metro/urban rail,,,
Japan,Hiroshima,metro (Astram Line),To Do,Later,Luke,Inherited 24 Aug skip reversed 2026-08-28. Other JP cities To Do Later.,,1 Researched,Luke D1 pack
Japan,Kobe,metro,To Do,Later,Luke,Inherited 24 Aug skip reversed 2026-08-28. Other JP cities To Do Later.,,1 Researched,Luke D1 pack
Japan,Kyoto,metro,To Do,Later,Luke,Inherited 24 Aug skip reversed 2026-08-28. Other JP cities To Do Later.,,1 Researched,Luke D1 pack
Japan,Sendai,metro,To Do,Later,Luke,Inherited 24 Aug skip reversed 2026-08-28. Other JP cities To Do Later.,,1 Researched,Luke D1 pack
Japan,Yokohama,metro,To Do,Later,Luke,Inherited 24 Aug skip reversed 2026-08-28. Other JP cities To Do Later.,,1 Researched,Luke D1 pack
Kazakhstan,Almaty,metro,To Do,Later,,unscoped metro/urban rail,,,
Kazakhstan,Astana,metro (LRT),To Do,Later,,unscoped metro/urban rail,,,
Latvia,Riga,light rail (tram),To Do,Later,,unscoped metro/urban rail,,,
Luxembourg,Luxembourg City,light rail (Luxtram) + commuter (CFL),To Do,Later,,unscoped metro/urban rail,,,
Macau,Macau,metro (LRT),To Do,Later,,unscoped metro/urban rail,,,
Malaysia,Kuala Lumpur,metro (Rapid KL LRT/MRT/monorail),To Do,Later,,"Oracle: myrapid.com.my Rapid KL rail map. Feed: api.data.gov.my GTFS static for rapid-rail-kl; official GTFS-RT docs (updated 2025-12): rapid-rail-kl does not yet have stable realtime (verified 404 on vehicle-position/prasarana?category=rapid-rail-kl 2026-08-28). Bus RT only. v1: Rapid KL LRT/MRT/monorail only (no KTM Komuter, no ERL). Hub-lock: Masjid Jamek (LRT) or KL Sentral (doNotGroup KTM). Skip risk: no stable rail RT.",2026-08-28,,
Mexico,Guadalajara,metro / light rail (SITEUR),To Do,Later,,unscoped metro/urban rail,,,
Mexico,Mexico City,metro (STC Metro),To Do,Later,,"Oracle: metro.cdmx.gob.mx network map. Feed: STC Metro next-train unverified. datos.cdmx.gob.mx publishes ridership, not arrivals. Metrobús GTFS-RT exists (registration) but is BRT, not Metro. Apimetro is third-party geometry — not an official next-train feed. v1: STC Metro only (no Metrobús, no STE Tren Ligero). Hub-lock: Pantitlán or Tasqueña. Skip risk: no public metro RT.",2026-08-28,,
Mexico,Monterrey,metro (Metrorrey),To Do,Later,,unscoped metro/urban rail,,,
Morocco,Casablanca,light rail (tram),To Do,Later,,unscoped metro/urban rail,,,
Morocco,Rabat,light rail (Rabat–Salé tram),To Do,Later,,unscoped metro/urban rail,,,
Nigeria,Lagos,metro (Lagos Rail Mass Transit),To Do,Later,,unscoped metro/urban rail,,,
Norway,Bergen,light rail (Bybanen),To Do,Later,,unscoped metro/urban rail,,1 Researched,Luke D1 pack
Pakistan,Lahore,metro (Orange Line),To Do,Later,,unscoped metro/urban rail,,,
Panama,Panama City,metro,To Do,Later,,unscoped metro/urban rail,,,
Peru,Lima,metro,To Do,Later,,unscoped metro/urban rail,,,
Philippines,Manila,metro / light rail (LRT-1/2 + MRT-3),To Do,Later,,unscoped metro/urban rail,,,
Poland,Kraków,light rail (Fast Tram),To Do,Later,,unscoped metro/urban rail,,,
Poland,Tricity (Gdańsk–Gdynia–Sopot),commuter (SKM),To Do,Later,,unscoped metro/urban rail,,,
Poland,Warsaw,metro + commuter (Metro + SKM/KM),To Do,Later,,"Oracle: metro.waw.pl / wtp.waw.pl metro map. Feed: api.um.warszawa.pl (free key). Bus/tram vehicle positions + stop timetables documented; metro next-train coverage: feed unverified. v1: Metro M1/M2 only (no tram, no SKM/KM). Hub-lock: Świętokrzyska (M1/M2) or Centrum. Skip risk: metro may be timetable-only.",2026-08-28,,
Poland,Wrocław,light rail (tram),To Do,Later,,unscoped metro/urban rail,,,
Poland,Łódź,light rail (tram + ŁKA),To Do,Later,,unscoped metro/urban rail,,,
Portugal,Porto,light rail (Metro do Porto),To Do,Later,,unscoped metro/urban rail,,1 Researched,Luke D1 pack
Qatar,Doha,metro,To Do,Later,,unscoped metro/urban rail,,,
Romania,Bucharest,metro,To Do,Later,,"Oracle: metrorex.ro network map. Feed: data.gov.ro Metrorex circulation programs (static XML timetables, not RT). STB/TPBI GTFS is surface transport — not Metrorex. Metro next-train: feed unverified. v1: Metro M1–M5 only (no tram). Hub-lock: Piața Unirii (M1/M2/M3). Skip risk: no public metro RT.",2026-08-28,,
Saudi Arabia,Mecca,metro (Al Mashaaer),To Do,Later,,unscoped metro/urban rail,,,
Saudi Arabia,Riyadh,metro,To Do,Later,,unscoped metro/urban rail,,,
Serbia,Belgrade,light rail + commuter (tram + BG Voz),To Do,Later,,unscoped metro/urban rail,,,
Slovakia,Bratislava,light rail (tram),To Do,Later,,unscoped metro/urban rail,,,
South Africa,Cape Town,commuter (Metrorail),To Do,Later,,unscoped metro/urban rail,,,
South Africa,Gauteng (Johannesburg / Pretoria),commuter (Gautrain + Metrorail),To Do,Later,,unscoped metro/urban rail,,,
South Korea,Busan,metro,To Do,Later,,unscoped metro/urban rail,,,
South Korea,Daegu,metro,To Do,Later,,unscoped metro/urban rail,,,
South Korea,Daejeon,metro,To Do,Later,,unscoped metro/urban rail,,,
South Korea,Gwangju,metro,To Do,Later,,unscoped metro/urban rail,,,
South Korea,Incheon,metro,To Do,Later,,unscoped metro/urban rail,,,
South Korea,Seoul,metro (Seoul Metropolitan Subway),To Do,Later,,Oracle: seoulmetro.co.kr / TOPIS metro map. Feed: Seoul Open Data Plaza subway realtime arrival API (data.seoul.go.kr; key required; TOPIS source). Not GTFS-RT. Homepage 2026-07 notices confirm the arrival API is in service. v1: numbered Seoul Metro subway lines on that API only (cut AREX/Shinbundang/Korail extras unless listed). Hub-lock: Seoul Station subway (doNotGroup KTX) or City Hall. Skip risk: Korean-only; some suburban stations excluded; huge network.,2026-08-28,,
Spain,Barcelona,metro + commuter (Metro + Rodalies),To Do,Later,,"Oracle: tmb.cat maps + iMetro next-trains page. Feed: TMB API (developer.tmb.cat APP_ID+APP_KEY). Documented iBus is bus wait-times; metro next-train API: feed unverified (web iMetro exists). Static GTFS via api.tmb.cat/v1/static/datasets/gtfs.zip (key). v1: TMB Metro L1–L5 + L9–L11 only (no FGC, Rodalies, tram). Hub-lock: Catalunya (L1/L3) or Sants (L3/L5). Skip risk: metro RT may be web-only unless D1 finds iMetro API.",2026-08-28,,
Spain,Bilbao,metro (Metro Bilbao),To Do,Later,,unscoped metro/urban rail,,,
Spain,Granada,metro / light rail (Metro de Granada),To Do,Later,,unscoped metro/urban rail,,,
Spain,Madrid,metro + commuter (Metro + Cercanías),To Do,Later,,"Oracle: metromadrid.es network map. Feed: CRTM static GTFS via nap.transportes.gob.es (login/ApiKey) / datos.crtm.es. Public metro GTFS-RT: feed unverified. EMT MobilityLabs is buses — not Metro. v1: Metro de Madrid only (no Cercanías, no Metro Ligero). Hub-lock: Sol (L1/L2/L3) or Nuevos Ministerios. Skip risk: no public metro next-train found.",2026-08-28,,
Spain,Málaga,metro (Metro de Málaga),To Do,Later,,unscoped metro/urban rail,,,
Spain,Palma,metro (Metro de Palma),To Do,Later,,unscoped metro/urban rail,,,
Spain,Seville,metro (Metro de Sevilla),To Do,Later,,unscoped metro/urban rail,,,
Spain,Valencia,metro / light rail (Metrovalencia),To Do,Later,,unscoped metro/urban rail,,,
Taiwan,Kaohsiung,metro (KMRT),To Do,Later,,unscoped metro/urban rail,,,
Taiwan,New Taipei,metro (New Taipei Metro / Sanying),To Do,Later,,unscoped metro/urban rail,,,
Taiwan,Taichung,metro (Taichung MRT),To Do,Later,,unscoped metro/urban rail,,,
Taiwan,Taipei,metro (Taipei Metro),To Do,Later,,"Oracle: metro.taipei / english.metro.taipei system map. Feed: TDX Metro LiveBoard https://tdx.transportdata.tw (OAuth/API key; 401 without — /v2/Rail/Metro/LiveBoard/TRTC). Not GTFS-RT. v1: Taipei Metro (TRTC) only — no New Taipei, Taoyuan, Maokong Gondola. Hub-lock: Taipei Main Station (doNotGroup TRA/HSR). Skip risk: none if TDX key.",2026-08-28,,
Taiwan,Taoyuan,metro (Taoyuan Metro),To Do,Later,,unscoped metro/urban rail,,,
Thailand,Bangkok,metro (BTS + MRT + Airport Rail Link),To Do,Later,,"Oracle: BTS / MRTA official network maps. Feed: public next-train GTFS-RT/API unverified. BTS×ViaBus tracking is a consumer app partnership, not a documented public developer feed. v1: BTS Sukhumvit+Silom + MRT Blue/Purple only (no ARL, no Yellow/Pink/Gold unless a public feed appears). Hub-lock: Siam (BTS) or Sukhumvit/Asok (BTS/MRT). Skip risk: no public next-train.",2026-08-28,,
Tunisia,Tunis,light rail (Métro léger),To Do,Later,,unscoped metro/urban rail,,,
Turkey,Adana,metro,To Do,Later,,unscoped metro/urban rail,,,
Turkey,Ankara,metro,To Do,Later,,unscoped metro/urban rail,,,
Turkey,Bursa,metro (Bursaray),To Do,Later,,unscoped metro/urban rail,,,
Turkey,Istanbul,metro + commuter (Metro + Marmaray),To Do,Later,,unscoped metro/urban rail,,,
Turkey,İzmir,metro,To Do,Later,,unscoped metro/urban rail,,,
Ukraine,Dnipro,metro,To Do,Later,,unscoped metro/urban rail,,,
Ukraine,Kharkiv,metro,To Do,Later,,unscoped metro/urban rail,,,
Ukraine,Kyiv,metro,To Do,Later,,unscoped metro/urban rail,,,
United Arab Emirates,Dubai,metro + light rail (Metro + Tram),To Do,Later,,"Oracle: rta.ae metro/tram maps. Feed: Dubai Pulse RTA GTFS static (dubaipulse.gov.ae rta_gtfs-open; OAuth API key+secret). Metro next-train GTFS-RT: feed unverified (Pulse exposes station lists, not arrivals). v1: Dubai Metro Red + Green only (no Tram, no bus, no marine). Hub-lock: Union or BurJuman. Skip risk: static only unless RTA RT appears.",2026-08-28,,
United States,Atlanta,metro (MARTA),To Do,Later,Luke,Later. Unscoped US metro (not in named Wave 2/3 set). Inherited 24 Aug skip reversed 2026-08-28.,,1 Researched,Luke D1 pack
United States,Baltimore,metro (Metro SubwayLink),To Do,Later,Luke,Later. Unscoped US metro (not in named Wave 2/3 set). Inherited 24 Aug skip reversed 2026-08-28.,,1 Researched,Luke D1 pack
United States,Chicago Metra,commuter (Metra),To Do,Later,,"commuter, after the metro city",,1 Researched,Luke D1 pack
United States,Cleveland,metro (RTA Red Line),To Do,Later,Luke,Later. Unscoped US metro (not in named Wave 2/3 set). Inherited 24 Aug skip reversed 2026-08-28.,,1 Researched,Luke D1 pack
United States,Honolulu,metro (Skyline),To Do,Later,Luke,Later. Unscoped US metro (not in named Wave 2/3 set). Inherited 24 Aug skip reversed 2026-08-28.,,1 Researched,Luke D1 pack
United States,Long Island (LIRR),commuter (LIRR),To Do,Later,,"commuter, after the metro city",,1 Researched,Luke D1 pack
United States,Maryland (MARC),commuter (MARC),To Do,Later,,"commuter, after the metro city",,1 Researched,Luke D1 pack
United States,Miami,metro (Metrorail),To Do,Later,Luke,Later. Unscoped US metro (not in named Wave 2/3 set). Inherited 24 Aug skip reversed 2026-08-28.,,1 Researched,Luke D1 pack
United States,New Jersey (NJ Transit),commuter (NJ Transit),To Do,Later,,"commuter, after the metro city",,1 Researched,Luke D1 pack
United States,New York Metro-North,commuter (Metro-North),To Do,Later,,"commuter, after the metro city",,1 Researched,Luke D1 pack
United States,New York PATH,metro (PATH),To Do,Later,,"Later, after subway.",,1 Researched,Luke D1 pack
United States,Northern Virginia (VRE),commuter (VRE),To Do,Later,,"commuter, after the metro city",,1 Researched,Luke D1 pack
United States,Peninsula (Caltrain),commuter (Caltrain),To Do,Later,,"commuter, after the metro city",,1 Researched,Luke D1 pack
United States,Philadelphia,metro (SEPTA Metro),To Do,Later,Luke,Later. Unscoped US metro (not in named Wave 2/3 set). Inherited 24 Aug skip reversed 2026-08-28.,,1 Researched,Luke D1 pack
United States,San Francisco Muni,light rail (Muni Metro),To Do,Later,Luke,Split from San Francisco Bay Area 2026-08-28. Muni Metro Later (Caltrain is its own Later row). v1 BART is the BART city. Inherited 24 Aug skip reversed 2026-08-28.,,1 Researched,Luke D1 pack
United States,San Juan,metro (Tren Urbano),To Do,Later,Luke,Later. Unscoped US metro (not in named Wave 2/3 set). Inherited 24 Aug skip reversed 2026-08-28.,,1 Researched,Luke D1 pack
United States,Seattle Sounder,commuter (Sounder),To Do,Later,,"commuter, after the metro city",,,
Uzbekistan,Tashkent,metro,To Do,Later,,unscoped metro/urban rail,,,
Venezuela,Caracas,metro,To Do,Later,,unscoped metro/urban rail,,,
Venezuela,Maracaibo,metro,To Do,Later,,unscoped metro/urban rail,,,
Venezuela,Valencia,metro,To Do,Later,,unscoped metro/urban rail,,,
Australia,Darwin,none,Not doing,Skip,,No urban rail.,,,
Australia,Hobart,none,Not doing,Skip,,No urban rail.,,,
Belarus,Minsk,metro,Not doing,Skip,,Not doing — geopolitical.,,,
Nepal,Kathmandu,none,Not doing,Skip,,No passenger rail.,,,
Netherlands,The Hague,light rail (HTM tram / RandstadRail),Not doing,Skip,,Tram-skip for v1.,,,
Netherlands,Utrecht,light rail (Uithoflijn),Not doing,Skip,,Tram-skip for v1.,,,
New Zealand,Christchurch,none (buses),Not doing,Skip,,Buses only.,,,
New Zealand,Dunedin,none,Not doing,Skip,,No urban rail.,,,
New Zealand,Hamilton,none (Te Huia long-distance),Not doing,Skip,,"Te Huia is long-distance, not urban rail.",,,
New Zealand,KiwiRail national,national rail slice,Not doing,Skip,,KiwiRail national long-distance out.,,,
North Korea,Pyongyang,metro,Not doing,Skip,,Not doing — geopolitical.,,,
Russia,Kazan,metro,Not doing,Skip,,Not doing — geopolitical.,,,
Russia,Moscow,metro,Not doing,Skip,,Not doing — geopolitical.,,,
Russia,Nizhny Novgorod,metro,Not doing,Skip,,Not doing — geopolitical.,,,
Russia,Novosibirsk,metro,Not doing,Skip,,Not doing — geopolitical.,,,
Russia,Saint Petersburg,metro,Not doing,Skip,,Not doing — geopolitical.,,,
Russia,Samara,metro,Not doing,Skip,,Not doing — geopolitical.,,,
Russia,Yekaterinburg,metro,Not doing,Skip,,Not doing — geopolitical.,,,
Singapore,Singapore,metro (MRT + LRT),Not doing,Skip,,LTA refuses MRT next-train (Parliament Jan 2026).,,,
United Kingdom,Ellesmere Port,national rail slice (11 CRS),Not doing,Skip,Zoe,Folded into Liverpool City Region 2026-08-28; not a separate picker city,,,
United Kingdom,Northern Ireland,none (NIR out of UK v1),Not doing,Skip,,Northern Ireland out of UK v1. Buses out.,,,
Vietnam,Hanoi,metro,Not doing,Skip,,Metro exists but no public GTFS/departure API; skip for trip.,,,
Vietnam,Ho Chi Minh City,metro,Not doing,Skip,,Metro exists but no public GTFS/departure API; skip for trip.,,,
United Kingdom,Southwest,national rail slice,Done,1 Finish started countries,Zoe,Live 6 Sep 2026 (#274). Added 5 Sep 2026 from registry (row was missing). See docs/united-kingdom-ledger.md.,,7 Live,
United Kingdom,Cumbria,national rail slice,Done,1 Finish started countries,Zoe,Live 6 Sep 2026 (#308). Added 5 Sep 2026 from registry (row was missing). See docs/united-kingdom-ledger.md.,,7 Live,
United Kingdom,East Midlands · NET tram,"light rail (NET, 4 stops in catalog)",Blocked,1 Finish started countries,Zoe,"Out-product: no confirmed real-time feed (Tim, 2 Sep 2026). Static GTFS via BODS only.",,Parked (blocked),Tramlink Nottingham publishing a live feed; nobody chasing
United Kingdom,West Midlands · Metro,"light rail (TfWM Metro, 35 stops)",Done,1 Finish started countries,Zoe,"Live in production 6 Sep 2026: TFWM keys added to Vercel + redeploy (FB-48 done); three Metro/NR name clashes renamed ""(Metro)"" (#311). Board fetch + verified stopIds done (#232, #234 FB-53). Keys in Tim's local env.",,7 Live,
United Kingdom,North East · Metro,"metro (Tyne and Wear Metro, 60 stops)",Blocked,1 Finish started countries,Zoe,"Out-product: no real-time feed (Tim, 5 Sep 2026, #255). Nexus draft ready (docs/outreach-drafts/north-east-nexus.md).",,Parked (blocked),Nexus reply - send after store launch (FB-56)
United Kingdom,Greater Manchester · Metrolink,"light rail (Metrolink, 15 stops)",Blocked,1 Finish started countries,Zoe,Out-product: no confirmed feed (TfGM portal deprecated).,,Parked (blocked),TfGM publishing a feed; nobody chasing
United Kingdom,South Yorkshire · Supertram,"light rail (Supertram, 12 stops)",Blocked,1 Finish started countries,Zoe,Out-product: no public feed under SYFTL since the Mar 2024 operator change.,,Parked (blocked),SYFTL publishing a feed; nobody chasing
United Kingdom,Edinburgh · Trams,"light rail (Edinburgh Trams, 22 stops)",Blocked,1 Finish started countries,Zoe,"Out-product: no static GTFS, TfE real-time API shut; stop order unverified.",,Parked (blocked),Edinburgh Trams publishing a feed; nobody chasing
United Kingdom,Glasgow · Subway,"metro (Subway, 15 stations)",Blocked,1 Finish started countries,Zoe,"Out-product: no official SPT feed; community static only, order unverified.",,Parked (blocked),SPT publishing a feed; nobody chasing
